{"episodes": [{"episode_id": 0, "scene_id": "/data/scene_datasets/mp3d/JeFG25nYj2p/JeFG25nYj2p.glb", "start_position": [-3.0444066524505615, 0.09358400106430054, 3.570315361022949], "start_rotation": [0, 1, 0, 0], "info": {"geodesic_distance": 16.095991134643555, "difficulty": "hard"}, "goals": [{"position": [11.248908042907715, 0.09358400106430054, 0.005724131129682064], "radius": null}], "shortest_paths": null, "start_room": null}]}
